CREATE TABLE IF NOT EXISTS tmrfs_nodes (
  id INTEGER PRIMARY KEY,
  path TEXT NOT NULL,
  path_hash TEXT NOT NULL,
  content_hash TEXT NOT NULL,
  rgano_signature_hash TEXT,
  language TEXT,
  node_kind TEXT NOT NULL,
  size_bytes INTEGER,
  function_count INTEGER,
  route_count INTEGER,
  canon_score REAL,
  first_seen_at TEXT,
  last_seen_at TEXT,
  payload TEXT
);
CREATE INDEX IF NOT EXISTS idx_tmrfs_nodes_content ON tmrfs_nodes(content_hash);
CREATE INDEX IF NOT EXISTS idx_tmrfs_nodes_path ON tmrfs_nodes(path_hash);
CREATE INDEX IF NOT EXISTS idx_tmrfs_nodes_first_seen ON tmrfs_nodes(first_seen_at);
CREATE TABLE IF NOT EXISTS tmrfs_edges (
  from_node_id INTEGER NOT NULL,
  to_node_id INTEGER NOT NULL,
  edge_kind TEXT NOT NULL,
  hamming_distance INTEGER,
  PRIMARY KEY (from_node_id, to_node_id, edge_kind)
);
CREATE TABLE IF NOT EXISTS rgano_signatures (
  signature_hash TEXT PRIMARY KEY,
  signature_kind TEXT,
  representative_node_id INTEGER,
  member_count INTEGER
);
CREATE TABLE IF NOT EXISTS route_definitions (
  route TEXT NOT NULL,
  method TEXT NOT NULL,
  node_id INTEGER NOT NULL,
  source_language TEXT,
  first_seen_at TEXT,
  last_seen_at TEXT,
  PRIMARY KEY (route, method, node_id)
);
CREATE INDEX IF NOT EXISTS idx_route_first_seen ON route_definitions(first_seen_at);
CREATE TABLE IF NOT EXISTS canon_picks (
  content_hash TEXT PRIMARY KEY,
  canonical_node_id INTEGER NOT NULL,
  duplicate_count INTEGER NOT NULL,
  canon_score REAL
);
CREATE TABLE IF NOT EXISTS epoch_markers (
  epoch_name TEXT PRIMARY KEY,
  started_at TEXT,
  ended_at TEXT,
  dominant_language TEXT,
  file_count INTEGER
);

BEGIN;
INSERT INTO tmrfs_nodes (id,path,path_hash,content_hash,rgano_signature_hash,language,node_kind,size_bytes,function_count,route_count,canon_score,first_seen_at,last_seen_at,payload) VALUES (1,'.vscode/launch.json','bd5430ee7c51dc892a67b3f2829d1f5b6d223f0fd48b82322cfd45baf9f5e945','f9a1cb217c7fa5b8f863af02ce81876d863852ba2adf17f68cd65a0da29d2c1d','723c46e35cf42ed3531c9a0e8339f06759b50ed42dad572297974433936c8412','json','artifact_version',264,0,0,0.5,'2026-07-17T10:05:56-07:00','2026-07-20T05:28:12.867Z','{"source_archive":"rgano-demo","role":"json_config","layer":"unknown","status":"candidate","risk_score":0,"residue_signals":[]}');
INSERT INTO tmrfs_nodes (id,path,path_hash,content_hash,rgano_signature_hash,language,node_kind,size_bytes,function_count,route_count,canon_score,first_seen_at,last_seen_at,payload) VALUES (2,'docs/predictive-typing-alt/.vscode-test.js','9ef84fd8c74120cb8e8530bd7524a7ebbf8501be8ff4cdaff15e6a14d283de2e','eb432bfd5c0b6cbbc40d4d1bab4d7c971b1c4ff20b2a5783bbbee67b0cb428a6','147c5f870568bd37dc00d3555d16b7ccd125929fc45bfd5da9ee54059b080bc7','js','artifact_version',488,1,0,0.5,'2026-07-17T10:05:56-07:00','2026-07-20T05:28:12.871Z','{"source_archive":"rgano-demo","role":"code_module","layer":"unknown","status":"candidate","risk_score":0,"residue_signals":[]}');
INSERT INTO tmrfs_nodes (id,path,path_hash,content_hash,rgano_signature_hash,language,node_kind,size_bytes,function_count,route_count,canon_score,first_seen_at,last_seen_at,payload) VALUES (3,'docs/predictive-typing-alt/extension.ts','2cff0a6f709672cf0cc5e63ceeb63d5d27cb680845097ae75693c8f37ad95203','27eae4c0073fa383311db90cffb147eb1fba5c9abb8889deb070d023f9329c76','c710b6648354a6f4dce6a67914ee52bf149d9520d49114124d4df4b0df4b9c1e','js','artifact_version',2608,2,0,0.5,'2026-07-17T10:05:56-07:00','2026-07-20T05:28:12.871Z','{"source_archive":"rgano-demo","role":"code_module","layer":"unknown","status":"candidate","risk_score":0,"residue_signals":[]}');
INSERT INTO tmrfs_nodes (id,path,path_hash,content_hash,rgano_signature_hash,language,node_kind,size_bytes,function_count,route_count,canon_score,first_seen_at,last_seen_at,payload) VALUES (4,'docs/predictive-typing-alt/package.json','9e8d7821b3f76489b609036470537e2d50ea73cd18b5014a7d2b4b0d2d8c280b','cde0e735b7532d5827c73903b8c5a28803036ce5cd85c23799c5082e3d36e245','8f5de03da451a608a46351dada1fa2bbf8825c789f490eb586ab6d24ceee85d9','json','artifact_version',5327,0,0,0.7,'2026-07-17T10:05:56-07:00','2026-07-20T05:28:12.871Z','{"source_archive":"rgano-demo","role":"package_manifest","layer":"unknown","status":"candidate","risk_score":0,"residue_signals":[]}');
INSERT INTO tmrfs_nodes (id,path,path_hash,content_hash,rgano_signature_hash,language,node_kind,size_bytes,function_count,route_count,canon_score,first_seen_at,last_seen_at,payload) VALUES (5,'docs/predictive-typing-alt/tsconfig.json','bb660207f25e0d4e7a6c2aceac3690798da167c0b77d6fc0373badc02cf6a645','bbc0cc5e4d6239f2fa3bd2c75e448e163768aca72af7ed034728edf8e8df5898','4bcb0b38e04045f3cf8fb7d0738d37791274f327c29b61fdcdd4bc36b9ac3f49','json','artifact_version',452,0,0,0.5,'2026-07-17T10:05:56-07:00','2026-07-20T05:28:12.871Z','{"source_archive":"rgano-demo","role":"json_config","layer":"unknown","status":"candidate","risk_score":0,"residue_signals":[]}');
INSERT INTO tmrfs_nodes (id,path,path_hash,content_hash,rgano_signature_hash,language,node_kind,size_bytes,function_count,route_count,canon_score,first_seen_at,last_seen_at,payload) VALUES (6,'package.json','7ae45ad102eab3b6d7e7896acd08c427a9b25b346470d7bc6507b6481575d519','52de90745e1271ca4309df0918c201ba7fc71f37d67bcda1eb581b6f3f217428','8235e0ad8aeaf3e3a2ff29917c4c8152ed9a4d96a1a1ba30ba32dddbdf638f65','json','artifact_version',12452,0,0,0.7,'2026-07-17T10:05:56-07:00','2026-07-20T05:28:12.871Z','{"source_archive":"rgano-demo","role":"package_manifest","layer":"unknown","status":"candidate","risk_score":10,"residue_signals":["agent_runtime_residue"]}');
INSERT INTO tmrfs_nodes (id,path,path_hash,content_hash,rgano_signature_hash,language,node_kind,size_bytes,function_count,route_count,canon_score,first_seen_at,last_seen_at,payload) VALUES (7,'reports/rgano/vse-rgano/RGANO_STRUCTURE_SCAN.json','a7c63eabd9ca99fe17eabbf8b13da750a2e0a127b5a45306a4c8aef7f5188209','1dc2720d921160b451acbf7adbf89677637dde48c0d26ac7d691b7fb06abf4ef','a3f779cd0d90c41dd459e025861e59be7ea821e32b558ef70d6eeee75b31670d','json','artifact_version',15768,0,0,0.5,'2026-07-20T05:28:18.092Z','2026-07-20T05:28:18.092Z','{"source_archive":"rgano-demo","role":"rgano_component","layer":"unknown","status":"review","risk_score":50,"residue_signals":["agent_runtime_residue","tracking_or_analytics_surface","email_capture_surface"]}');
INSERT INTO tmrfs_nodes (id,path,path_hash,content_hash,rgano_signature_hash,language,node_kind,size_bytes,function_count,route_count,canon_score,first_seen_at,last_seen_at,payload) VALUES (8,'reports/rpg/vse-rpg/rpg.sql','877c5d438934c6a4c1a1496e719b2cffabce5e422c7648d25007fd00e7c77953','b38af3023b93db348dd8d5197e55680c0b75e291b0d5a89c44a1ad5f61c4058c','80a3fc5585c96fbe0aa61ad3a038cd6712743ef496d9fb1fc60b8f812ca85e8d','sql','artifact_version',328726,478,0,0.5,'2026-07-20T05:28:52.488Z','2026-07-20T05:28:52.488Z','{"source_archive":"rgano-demo","role":"artifact","layer":"unknown","status":"candidate","risk_score":10,"residue_signals":["agent_runtime_residue"]}');
INSERT INTO tmrfs_nodes (id,path,path_hash,content_hash,rgano_signature_hash,language,node_kind,size_bytes,function_count,route_count,canon_score,first_seen_at,last_seen_at,payload) VALUES (9,'src/extension.js','41610ea8b06474549c4f312fdc247353665bc6434811db5418853bf57137bba5','f1d09b3151437b1dbe10f7e7e74a35594e6920b54c9c15d1ce96e1f4fb632136','abfaebd58ec1d806dfc99c0aead66cc74980072b687c45be1eead00ac3391d36','js','artifact_version',38213,63,0,0.5,'2026-07-17T10:05:56-07:00','2026-07-20T05:28:12.871Z','{"source_archive":"rgano-demo","role":"code_module","layer":"unknown","status":"candidate","risk_score":10,"residue_signals":["agent_runtime_residue"]}');
INSERT INTO tmrfs_nodes (id,path,path_hash,content_hash,rgano_signature_hash,language,node_kind,size_bytes,function_count,route_count,canon_score,first_seen_at,last_seen_at,payload) VALUES (10,'src/planekey-init.ts','9c26a10bb795c18b2f508ab4a02029306fec28f95c9995480089ec08fb72cd13','b9e35f38508ae9428ab3f0f315c978504a0eb5536ecf2b8624e959f4c10e37c7','e7d3e8e43eda383827740c6b50baf20392829bb87cc2fd9d4d7867224d2d8841','js','artifact_version',26366,14,2,0.8,'2026-07-17T10:05:56-07:00','2026-07-20T05:28:12.874Z','{"source_archive":"rgano-demo","role":"planekey_component","layer":"unknown","status":"candidate","risk_score":20,"residue_signals":["tracking_or_analytics_surface"]}');
INSERT INTO tmrfs_nodes (id,path,path_hash,content_hash,rgano_signature_hash,language,node_kind,size_bytes,function_count,route_count,canon_score,first_seen_at,last_seen_at,payload) VALUES (11,'src/planekey-integration-glue.ts','f578bc034b5679c49d4425940f876b29cb760bc14b1e6881193c768a8a7d04cd','4993cd2e27eda6ba73170410a213dfe604baedbc77331057b54751b9f1fb761e','13ba31c9921813a2c779dbfbbba54e3fb4c40aa4e083dd631c167981add7bb0f','js','artifact_version',19971,11,1,0.8,'2026-07-17T10:05:56-07:00','2026-07-20T05:28:12.874Z','{"source_archive":"rgano-demo","role":"planekey_component","layer":"unknown","status":"candidate","risk_score":0,"residue_signals":[]}');
INSERT INTO tmrfs_nodes (id,path,path_hash,content_hash,rgano_signature_hash,language,node_kind,size_bytes,function_count,route_count,canon_score,first_seen_at,last_seen_at,payload) VALUES (12,'src/planekey-licensing-compliance.ts','9126e0a957c9223d6f498290d2551c07a356c996cb541411f473dbb08401ca1c','d85b7625b8e2a74b251eef22d64b17ab2007d9b1899279f939cadfaff2db3d58','78864109b6bd1a146bcfa296941690cdbb51f6508a40d6a3ccd3987ff6627546','js','artifact_version',18732,9,0,0.7,'2026-07-17T10:05:56-07:00','2026-07-20T05:28:12.874Z','{"source_archive":"rgano-demo","role":"planekey_component","layer":"unknown","status":"candidate","risk_score":20,"residue_signals":["tracking_or_analytics_surface"]}');
INSERT INTO tmrfs_nodes (id,path,path_hash,content_hash,rgano_signature_hash,language,node_kind,size_bytes,function_count,route_count,canon_score,first_seen_at,last_seen_at,payload) VALUES (13,'src/planekey-multi-project.ts','ea544f0fdd79a998295ad618452da24ae32ded7b6eecd25a0209a258af46d885','3f16ec5490019f78845f368c33975e58d3fb8ea88198462622464d251602e720','5ad24c295e8e14733b35ed2574e534ec6d816d95d991493a765616e9047cdcf4','js','artifact_version',15317,14,0,0.7,'2026-07-17T10:05:56-07:00','2026-07-20T05:28:12.874Z','{"source_archive":"rgano-demo","role":"planekey_component","layer":"unknown","status":"candidate","risk_score":0,"residue_signals":[]}');
INSERT INTO tmrfs_nodes (id,path,path_hash,content_hash,rgano_signature_hash,language,node_kind,size_bytes,function_count,route_count,canon_score,first_seen_at,last_seen_at,payload) VALUES (14,'src/planekey-vcs-hooks.ts','0415da364520fe151736ddaa43b3ba7210d7b47e321c92861c93f4c274690a1e','502979a18f0b38fbfe84916c017c3e74de5e840edb36029abef8cf2f733f2991','970fdc81780db15b2248884da60f46eee3c18cc81c43920f1977ea060ce4236b','js','artifact_version',12506,9,0,0.7,'2026-07-17T10:05:56-07:00','2026-07-20T05:28:12.874Z','{"source_archive":"rgano-demo","role":"planekey_component","layer":"unknown","status":"candidate","risk_score":0,"residue_signals":[]}');
INSERT INTO tmrfs_nodes (id,path,path_hash,content_hash,rgano_signature_hash,language,node_kind,size_bytes,function_count,route_count,canon_score,first_seen_at,last_seen_at,payload) VALUES (15,'src/planekey-vcs-integration.ts','e6d074c679baa3ceb7559ae7be4286fc15782b59dd0d754f3e76757858a603e8','bc9dc5f405bd7e38ae2298c7e1ee29e36acac330ebd1b5a4929179ac29c3aef6','e00092e259793194bb29d5ebd3f02e18feb45f87a3daa988a1446f2b9550e10f','js','artifact_version',18191,13,0,0.7,'2026-07-17T10:05:56-07:00','2026-07-20T05:28:12.874Z','{"source_archive":"rgano-demo","role":"planekey_component","layer":"unknown","status":"candidate","risk_score":0,"residue_signals":[]}');
INSERT INTO tmrfs_nodes (id,path,path_hash,content_hash,rgano_signature_hash,language,node_kind,size_bytes,function_count,route_count,canon_score,first_seen_at,last_seen_at,payload) VALUES (16,'src/providers/predictiveTypingProvider.js','8b032797cb7f0a65c1398adaac715f989098b3fef5e928c9ff273df642a6ddfa','1899772150fcae662f9efd7e6c5c92698abe29464c4f0169a39d3769166446a8','3f78d6e3c7d88e2d79ab5ab98c6aee31e52424523d860cdd3dfb47b7d02c686f','js','artifact_version',8166,0,0,0.5,'2026-07-19T15:39:13-07:00','2026-07-20T05:28:12.874Z','{"source_archive":"rgano-demo","role":"code_module","layer":"unknown","status":"candidate","risk_score":0,"residue_signals":[]}');
INSERT INTO tmrfs_nodes (id,path,path_hash,content_hash,rgano_signature_hash,language,node_kind,size_bytes,function_count,route_count,canon_score,first_seen_at,last_seen_at,payload) VALUES (17,'toolchain/mcp/claude_desktop_config.example.json','c51e465b7af8150a8352dffc907326069931e3dfb0a8a25be81feff59ddcbe74','b4cd7560b0c76cbb6a12c70401c22b40fbd11b75c75b39a0f49047ea547fe99d','dac852427673ddb69be6165e4b684e954ae83bb9c8ce22629ad8d562763827da','json','artifact_version',451,0,0,0.5,'2026-07-17T10:05:56-07:00','2026-07-20T05:28:12.876Z','{"source_archive":"rgano-demo","role":"agent_runtime","layer":"unknown","status":"forensic_only","risk_score":70,"residue_signals":["agent_runtime_residue"]}');
INSERT INTO tmrfs_nodes (id,path,path_hash,content_hash,rgano_signature_hash,language,node_kind,size_bytes,function_count,route_count,canon_score,first_seen_at,last_seen_at,payload) VALUES (18,'toolchain/mcp/cursor_mcp_config.example.json','80e5d5a2c495567156ae3ab767dac190378d6d5d6d77a7895b0f77c71d242326','dc7fd83c77574c59489e06c7edcd546707ac2c6414eb151b8c95a1b49f4fb56e','1aae9fb99edae827a59e7958bfa4615db5a80b12161cdba060ab137529c766c8','json','artifact_version',451,0,0,0.5,'2026-07-17T10:05:56-07:00','2026-07-20T05:28:12.877Z','{"source_archive":"rgano-demo","role":"agent_runtime","layer":"unknown","status":"forensic_only","risk_score":70,"residue_signals":["agent_runtime_residue"]}');
INSERT INTO tmrfs_nodes (id,path,path_hash,content_hash,rgano_signature_hash,language,node_kind,size_bytes,function_count,route_count,canon_score,first_seen_at,last_seen_at,payload) VALUES (19,'toolchain/mcp/planekey_env_observer_server.py','1a6eb229055deb525cb860f92fdae49a50ae354cd321e1c51469a2ba0c4b0808','228f865917c1b2b662e170aa01f079016a5b7890ec3c380c74f084cbe9c2fc28','bfcb1614c03cbd5c0ba288dabd20a35ad2f4f700c6ae0864b91327c5b961ee5c','py','artifact_version',10883,0,0,0.5,'2026-07-17T10:05:56-07:00','2026-07-20T05:28:12.877Z','{"source_archive":"rgano-demo","role":"agent_runtime","layer":"unknown","status":"forensic_only","risk_score":70,"residue_signals":["agent_runtime_residue"]}');
INSERT INTO tmrfs_nodes (id,path,path_hash,content_hash,rgano_signature_hash,language,node_kind,size_bytes,function_count,route_count,canon_score,first_seen_at,last_seen_at,payload) VALUES (20,'toolchain/pk-client/bin/pk-client.js','6f8871ee3c1ec5bbb74b899fb2299f84cf7a95740160f06e64fcb5a1fbb1d454','79e8d585fda5c54f5b21f1612cc928d66ec5b0ec75f95c15bbb4faab2ac31b60','0b28385bd5fa4c38e58a6d58f11bbb3f2ccbc55219968ffe97c0ec666b11d55d','js','artifact_version',374302,273,0,0.5,'2026-07-17T10:05:56-07:00','2026-07-20T05:28:12.877Z','{"source_archive":"rgano-demo","role":"code_module","layer":"unknown","status":"block","risk_score":90,"residue_signals":["agent_runtime_residue","tracking_or_analytics_surface","email_capture_surface","prompt_injection_residue"]}');
INSERT INTO tmrfs_nodes (id,path,path_hash,content_hash,rgano_signature_hash,language,node_kind,size_bytes,function_count,route_count,canon_score,first_seen_at,last_seen_at,payload) VALUES (21,'toolchain/pk-client/lib/detect.js','7936f10b2eaacab7e08736433f6e2937db5372aa089397a69672bdcc7f6d513d','043e82c453d33898d6f33f6b969530067d71074b06ce7998888b775abe055b8e','3a80d2051e2209c1542a15c7d83a762d554621c7bf2f17f4e06a89fec58cec6e','js','artifact_version',6464,3,0,0.5,'2026-07-17T10:05:56-07:00','2026-07-20T05:28:12.877Z','{"source_archive":"rgano-demo","role":"code_module","layer":"unknown","status":"candidate","risk_score":0,"residue_signals":[]}');
INSERT INTO tmrfs_nodes (id,path,path_hash,content_hash,rgano_signature_hash,language,node_kind,size_bytes,function_count,route_count,canon_score,first_seen_at,last_seen_at,payload) VALUES (22,'toolchain/pk-client/lib/mmx.js','6951d95eb0a02a1364cd349c12bcd11f419872e2b3967d42b8dc4e4c0045e7d9','3cbd17ebad965913e80ee9b487261836e290cf02d38a2cc09074fe2ecc463c65','ddce530ca85e46a98cdba90dc5a9f65e170e393937d64e0f49eb7c3e692f8465','js','artifact_version',6020,4,0,0.5,'2026-07-17T10:05:56-07:00','2026-07-20T05:28:12.881Z','{"source_archive":"rgano-demo","role":"code_module","layer":"unknown","status":"candidate","risk_score":0,"residue_signals":[]}');
INSERT INTO tmrfs_nodes (id,path,path_hash,content_hash,rgano_signature_hash,language,node_kind,size_bytes,function_count,route_count,canon_score,first_seen_at,last_seen_at,payload) VALUES (23,'toolchain/pk-client/lib/schema.js','35720e29ea929d8331fb2212e1c92281fc531d85a028ae1788e5ddfa7e591015','135653f504eae9c44ab540c1f0273599e0be62baebd6f2c70b8cb3c484b19f46','e98ef34bca9f9c7ba9d64c7e1c3b27c34070d0f96149e22ba2be0019bdb24f5c','js','artifact_version',12736,9,0,0.5,'2026-07-17T10:05:56-07:00','2026-07-20T05:28:12.881Z','{"source_archive":"rgano-demo","role":"code_module","layer":"unknown","status":"candidate","risk_score":0,"residue_signals":[]}');
INSERT INTO tmrfs_nodes (id,path,path_hash,content_hash,rgano_signature_hash,language,node_kind,size_bytes,function_count,route_count,canon_score,first_seen_at,last_seen_at,payload) VALUES (24,'toolchain/pk-memory/pk-memory.js','e94c3e8267668d5ddeffcddf9966f32c3b4c7c846dcb657be02c37b292a5729a','356a04c16cf675eba52af5c045ddf2254aafc0f955287abd16b5c54cb26e26be','d81104beabb2c33fe87563bfcc7d4e12e0649680346c312b081bd22de49d91b4','js','artifact_version',88746,77,2,0.6,'2026-07-17T10:05:56-07:00','2026-07-20T05:28:12.881Z','{"source_archive":"rgano-demo","role":"code_module","layer":"unknown","status":"block","risk_score":90,"residue_signals":["agent_runtime_residue","tracking_or_analytics_surface","email_capture_surface","prompt_injection_residue"]}');
INSERT OR REPLACE INTO rgano_signatures (signature_hash,signature_kind,representative_node_id,member_count) VALUES ('723c46e35cf42ed3531c9a0e8339f06759b50ed42dad572297974433936c8412','code_module',1,1);
INSERT OR REPLACE INTO rgano_signatures (signature_hash,signature_kind,representative_node_id,member_count) VALUES ('147c5f870568bd37dc00d3555d16b7ccd125929fc45bfd5da9ee54059b080bc7','code_module',2,1);
INSERT OR REPLACE INTO rgano_signatures (signature_hash,signature_kind,representative_node_id,member_count) VALUES ('c710b6648354a6f4dce6a67914ee52bf149d9520d49114124d4df4b0df4b9c1e','code_module',3,1);
INSERT OR REPLACE INTO rgano_signatures (signature_hash,signature_kind,representative_node_id,member_count) VALUES ('8f5de03da451a608a46351dada1fa2bbf8825c789f490eb586ab6d24ceee85d9','code_module',4,1);
INSERT OR REPLACE INTO rgano_signatures (signature_hash,signature_kind,representative_node_id,member_count) VALUES ('4bcb0b38e04045f3cf8fb7d0738d37791274f327c29b61fdcdd4bc36b9ac3f49','code_module',5,1);
INSERT OR REPLACE INTO rgano_signatures (signature_hash,signature_kind,representative_node_id,member_count) VALUES ('8235e0ad8aeaf3e3a2ff29917c4c8152ed9a4d96a1a1ba30ba32dddbdf638f65','code_module',6,1);
INSERT OR REPLACE INTO rgano_signatures (signature_hash,signature_kind,representative_node_id,member_count) VALUES ('a3f779cd0d90c41dd459e025861e59be7ea821e32b558ef70d6eeee75b31670d','code_module',7,1);
INSERT OR REPLACE INTO rgano_signatures (signature_hash,signature_kind,representative_node_id,member_count) VALUES ('80a3fc5585c96fbe0aa61ad3a038cd6712743ef496d9fb1fc60b8f812ca85e8d','code_module',8,1);
INSERT OR REPLACE INTO rgano_signatures (signature_hash,signature_kind,representative_node_id,member_count) VALUES ('abfaebd58ec1d806dfc99c0aead66cc74980072b687c45be1eead00ac3391d36','code_module',9,1);
INSERT OR REPLACE INTO rgano_signatures (signature_hash,signature_kind,representative_node_id,member_count) VALUES ('e7d3e8e43eda383827740c6b50baf20392829bb87cc2fd9d4d7867224d2d8841','code_module',10,1);
INSERT OR REPLACE INTO rgano_signatures (signature_hash,signature_kind,representative_node_id,member_count) VALUES ('13ba31c9921813a2c779dbfbbba54e3fb4c40aa4e083dd631c167981add7bb0f','code_module',11,1);
INSERT OR REPLACE INTO rgano_signatures (signature_hash,signature_kind,representative_node_id,member_count) VALUES ('78864109b6bd1a146bcfa296941690cdbb51f6508a40d6a3ccd3987ff6627546','code_module',12,1);
INSERT OR REPLACE INTO rgano_signatures (signature_hash,signature_kind,representative_node_id,member_count) VALUES ('5ad24c295e8e14733b35ed2574e534ec6d816d95d991493a765616e9047cdcf4','code_module',13,1);
INSERT OR REPLACE INTO rgano_signatures (signature_hash,signature_kind,representative_node_id,member_count) VALUES ('970fdc81780db15b2248884da60f46eee3c18cc81c43920f1977ea060ce4236b','code_module',14,1);
INSERT OR REPLACE INTO rgano_signatures (signature_hash,signature_kind,representative_node_id,member_count) VALUES ('e00092e259793194bb29d5ebd3f02e18feb45f87a3daa988a1446f2b9550e10f','code_module',15,1);
INSERT OR REPLACE INTO rgano_signatures (signature_hash,signature_kind,representative_node_id,member_count) VALUES ('3f78d6e3c7d88e2d79ab5ab98c6aee31e52424523d860cdd3dfb47b7d02c686f','code_module',16,1);
INSERT OR REPLACE INTO rgano_signatures (signature_hash,signature_kind,representative_node_id,member_count) VALUES ('dac852427673ddb69be6165e4b684e954ae83bb9c8ce22629ad8d562763827da','code_module',17,1);
INSERT OR REPLACE INTO rgano_signatures (signature_hash,signature_kind,representative_node_id,member_count) VALUES ('1aae9fb99edae827a59e7958bfa4615db5a80b12161cdba060ab137529c766c8','code_module',18,1);
INSERT OR REPLACE INTO rgano_signatures (signature_hash,signature_kind,representative_node_id,member_count) VALUES ('bfcb1614c03cbd5c0ba288dabd20a35ad2f4f700c6ae0864b91327c5b961ee5c','code_module',19,1);
INSERT OR REPLACE INTO rgano_signatures (signature_hash,signature_kind,representative_node_id,member_count) VALUES ('0b28385bd5fa4c38e58a6d58f11bbb3f2ccbc55219968ffe97c0ec666b11d55d','code_module',20,1);
INSERT OR REPLACE INTO rgano_signatures (signature_hash,signature_kind,representative_node_id,member_count) VALUES ('3a80d2051e2209c1542a15c7d83a762d554621c7bf2f17f4e06a89fec58cec6e','code_module',21,1);
INSERT OR REPLACE INTO rgano_signatures (signature_hash,signature_kind,representative_node_id,member_count) VALUES ('ddce530ca85e46a98cdba90dc5a9f65e170e393937d64e0f49eb7c3e692f8465','code_module',22,1);
INSERT OR REPLACE INTO rgano_signatures (signature_hash,signature_kind,representative_node_id,member_count) VALUES ('e98ef34bca9f9c7ba9d64c7e1c3b27c34070d0f96149e22ba2be0019bdb24f5c','code_module',23,1);
INSERT OR REPLACE INTO rgano_signatures (signature_hash,signature_kind,representative_node_id,member_count) VALUES ('d81104beabb2c33fe87563bfcc7d4e12e0649680346c312b081bd22de49d91b4','code_module',24,1);
INSERT OR IGNORE INTO route_definitions (route,method,node_id,source_language,first_seen_at,last_seen_at) VALUES ('/api/secret','GET',10,'js','2026-07-17T10:05:56-07:00','2026-07-20T05:28:12.874Z');
INSERT OR IGNORE INTO route_definitions (route,method,node_id,source_language,first_seen_at,last_seen_at) VALUES ('/api/u','GET',10,'js','2026-07-17T10:05:56-07:00','2026-07-20T05:28:12.874Z');
INSERT OR IGNORE INTO route_definitions (route,method,node_id,source_language,first_seen_at,last_seen_at) VALUES ('/api/','GET',11,'js','2026-07-17T10:05:56-07:00','2026-07-20T05:28:12.874Z');
INSERT OR IGNORE INTO route_definitions (route,method,node_id,source_language,first_seen_at,last_seen_at) VALUES ('/path','GET',24,'js','2026-07-17T10:05:56-07:00','2026-07-20T05:28:12.881Z');
INSERT OR IGNORE INTO route_definitions (route,method,node_id,source_language,first_seen_at,last_seen_at) VALUES ('/path','POST',24,'js','2026-07-17T10:05:56-07:00','2026-07-20T05:28:12.881Z');
INSERT OR REPLACE INTO canon_picks (content_hash,canonical_node_id,duplicate_count,canon_score) VALUES ('f9a1cb217c7fa5b8f863af02ce81876d863852ba2adf17f68cd65a0da29d2c1d',1,1,0.5);
INSERT OR REPLACE INTO canon_picks (content_hash,canonical_node_id,duplicate_count,canon_score) VALUES ('eb432bfd5c0b6cbbc40d4d1bab4d7c971b1c4ff20b2a5783bbbee67b0cb428a6',2,1,0.5);
INSERT OR REPLACE INTO canon_picks (content_hash,canonical_node_id,duplicate_count,canon_score) VALUES ('27eae4c0073fa383311db90cffb147eb1fba5c9abb8889deb070d023f9329c76',3,1,0.5);
INSERT OR REPLACE INTO canon_picks (content_hash,canonical_node_id,duplicate_count,canon_score) VALUES ('cde0e735b7532d5827c73903b8c5a28803036ce5cd85c23799c5082e3d36e245',4,1,0.7);
INSERT OR REPLACE INTO canon_picks (content_hash,canonical_node_id,duplicate_count,canon_score) VALUES ('bbc0cc5e4d6239f2fa3bd2c75e448e163768aca72af7ed034728edf8e8df5898',5,1,0.5);
INSERT OR REPLACE INTO canon_picks (content_hash,canonical_node_id,duplicate_count,canon_score) VALUES ('52de90745e1271ca4309df0918c201ba7fc71f37d67bcda1eb581b6f3f217428',6,1,0.7);
INSERT OR REPLACE INTO canon_picks (content_hash,canonical_node_id,duplicate_count,canon_score) VALUES ('1dc2720d921160b451acbf7adbf89677637dde48c0d26ac7d691b7fb06abf4ef',7,1,0.5);
INSERT OR REPLACE INTO canon_picks (content_hash,canonical_node_id,duplicate_count,canon_score) VALUES ('b38af3023b93db348dd8d5197e55680c0b75e291b0d5a89c44a1ad5f61c4058c',8,1,0.5);
INSERT OR REPLACE INTO canon_picks (content_hash,canonical_node_id,duplicate_count,canon_score) VALUES ('f1d09b3151437b1dbe10f7e7e74a35594e6920b54c9c15d1ce96e1f4fb632136',9,1,0.5);
INSERT OR REPLACE INTO canon_picks (content_hash,canonical_node_id,duplicate_count,canon_score) VALUES ('b9e35f38508ae9428ab3f0f315c978504a0eb5536ecf2b8624e959f4c10e37c7',10,1,0.8);
INSERT OR REPLACE INTO canon_picks (content_hash,canonical_node_id,duplicate_count,canon_score) VALUES ('4993cd2e27eda6ba73170410a213dfe604baedbc77331057b54751b9f1fb761e',11,1,0.8);
INSERT OR REPLACE INTO canon_picks (content_hash,canonical_node_id,duplicate_count,canon_score) VALUES ('d85b7625b8e2a74b251eef22d64b17ab2007d9b1899279f939cadfaff2db3d58',12,1,0.7);
INSERT OR REPLACE INTO canon_picks (content_hash,canonical_node_id,duplicate_count,canon_score) VALUES ('3f16ec5490019f78845f368c33975e58d3fb8ea88198462622464d251602e720',13,1,0.7);
INSERT OR REPLACE INTO canon_picks (content_hash,canonical_node_id,duplicate_count,canon_score) VALUES ('502979a18f0b38fbfe84916c017c3e74de5e840edb36029abef8cf2f733f2991',14,1,0.7);
INSERT OR REPLACE INTO canon_picks (content_hash,canonical_node_id,duplicate_count,canon_score) VALUES ('bc9dc5f405bd7e38ae2298c7e1ee29e36acac330ebd1b5a4929179ac29c3aef6',15,1,0.7);
INSERT OR REPLACE INTO canon_picks (content_hash,canonical_node_id,duplicate_count,canon_score) VALUES ('1899772150fcae662f9efd7e6c5c92698abe29464c4f0169a39d3769166446a8',16,1,0.5);
INSERT OR REPLACE INTO canon_picks (content_hash,canonical_node_id,duplicate_count,canon_score) VALUES ('b4cd7560b0c76cbb6a12c70401c22b40fbd11b75c75b39a0f49047ea547fe99d',17,1,0.5);
INSERT OR REPLACE INTO canon_picks (content_hash,canonical_node_id,duplicate_count,canon_score) VALUES ('dc7fd83c77574c59489e06c7edcd546707ac2c6414eb151b8c95a1b49f4fb56e',18,1,0.5);
INSERT OR REPLACE INTO canon_picks (content_hash,canonical_node_id,duplicate_count,canon_score) VALUES ('228f865917c1b2b662e170aa01f079016a5b7890ec3c380c74f084cbe9c2fc28',19,1,0.5);
INSERT OR REPLACE INTO canon_picks (content_hash,canonical_node_id,duplicate_count,canon_score) VALUES ('79e8d585fda5c54f5b21f1612cc928d66ec5b0ec75f95c15bbb4faab2ac31b60',20,1,0.5);
INSERT OR REPLACE INTO canon_picks (content_hash,canonical_node_id,duplicate_count,canon_score) VALUES ('043e82c453d33898d6f33f6b969530067d71074b06ce7998888b775abe055b8e',21,1,0.5);
INSERT OR REPLACE INTO canon_picks (content_hash,canonical_node_id,duplicate_count,canon_score) VALUES ('3cbd17ebad965913e80ee9b487261836e290cf02d38a2cc09074fe2ecc463c65',22,1,0.5);
INSERT OR REPLACE INTO canon_picks (content_hash,canonical_node_id,duplicate_count,canon_score) VALUES ('135653f504eae9c44ab540c1f0273599e0be62baebd6f2c70b8cb3c484b19f46',23,1,0.5);
INSERT OR REPLACE INTO canon_picks (content_hash,canonical_node_id,duplicate_count,canon_score) VALUES ('356a04c16cf675eba52af5c045ddf2254aafc0f955287abd16b5c54cb26e26be',24,1,0.6);
INSERT OR REPLACE INTO epoch_markers (epoch_name,started_at,ended_at,dominant_language,file_count) VALUES ('python_era','2026-07','2026-07','py',1);
INSERT OR REPLACE INTO epoch_markers (epoch_name,started_at,ended_at,dominant_language,file_count) VALUES ('node_express_era','2026-07','2026-07','js',15);
INSERT OR REPLACE INTO epoch_markers (epoch_name,started_at,ended_at,dominant_language,file_count) VALUES ('json_config_era','2026-07','2026-07','json',7);
COMMIT;
